squadra,nome,id_fantacalcio,status,note
Atalanta,Carnesecchi,,TITOLARE,"Probabile XI senza ballottaggio esplicito. Fantacalcio.it probabili 2026/27, agg. 23/08/2026 09:40"
Atalanta,Bellanova,,BALLOTTAGGIO,"Probabile XI; ballottaggio con Zappacosta. Fantacalcio.it probabili 2026/27, agg. 23/08/2026 09:40"
Atalanta,Kristensen,6485,TITOLARE,"SOS Fanta guida difensori 2026/27: atteso titolare accanto a Scalvini dopo l'investimento. Fonte utente."
Atalanta,Scalvini,,TITOLARE,"Probabile XI senza ballottaggio esplicito. Fantacalcio.it probabili 2026/27, agg. 23/08/2026 09:40"
Atalanta,Bernasconi,,TITOLARE,"Probabile XI senza ballottaggio esplicito. Fantacalcio.it probabili 2026/27, agg. 23/08/2026 09:40"
Atalanta,Samardzic,,BALLOTTAGGIO,"Probabile XI; ballottaggio con Pasalic. Fantacalcio.it probabili 2026/27, agg. 23/08/2026 09:40"
Atalanta,Gaetano,,TITOLARE,"Probabile XI senza ballottaggio esplicito. Fantacalcio.it probabili 2026/27, agg. 23/08/2026 09:40"
Atalanta,Ederson,5792,TITOLARE,"Probabile XI senza ballottaggio esplicito. Fantacalcio.it probabili 2026/27, agg. 23/08/2026 09:40"
Atalanta,De Ketelaere,,TITOLARE,"Probabile XI senza ballottaggio esplicito. Fantacalcio.it probabili 2026/27, agg. 23/08/2026 09:40"
Atalanta,Scamacca,,BALLOTTAGGIO,"Probabile XI; ballottaggio con Krstovic. Fantacalcio.it probabili 2026/27, agg. 23/08/2026 09:40"
Atalanta,Raspadori,,BALLOTTAGGIO,"Probabile XI; ballottaggio con Elmas. Fantacalcio.it probabili 2026/27, agg. 23/08/2026 09:40"
Atalanta,Zappacosta,,BALLOTTAGGIO,"Alternativa in ballottaggio con Bellanova. Fantacalcio.it probabili 2026/27, agg. 23/08/2026 09:40"
Atalanta,Hien,,BALLOTTAGGIO,"Alternativa in ballottaggio con Kristensen. Fantacalcio.it probabili 2026/27, agg. 23/08/2026 09:40"
Atalanta,Pasalic,,BALLOTTAGGIO,"Alternativa in ballottaggio con Samardzic. Fantacalcio.it probabili 2026/27, agg. 23/08/2026 09:40"
Atalanta,Krstovic,,BALLOTTAGGIO,"Alternativa in ballottaggio con Scamacca. Fantacalcio.it probabili 2026/27, agg. 23/08/2026 09:40"
Atalanta,Elmas,,BALLOTTAGGIO,"Alternativa in ballottaggio con Raspadori. Fantacalcio.it probabili 2026/27, agg. 23/08/2026 09:40"
Bologna,Skorupski,,TITOLARE,"Probabile XI senza ballottaggio esplicito. Fantacalcio.it probabili 2026/27, agg. 23/08/2026 09:40"
Bologna,Zortea,,TITOLARE,"Probabile XI senza ballottaggio esplicito. Fantacalcio.it probabili 2026/27, agg. 23/08/2026 09:40"
Bologna,Vitik,,BALLOTTAGGIO,"Probabile XI; ballottaggio con Casale. Fantacalcio.it probabili 2026/27, agg. 23/08/2026 09:40"
Bologna,Heggem,,TITOLARE,"Probabile XI senza ballottaggio esplicito. Fantacalcio.it probabili 2026/27, agg. 23/08/2026 09:40"
Bologna,Miranda,,TITOLARE,"Probabile XI senza ballottaggio esplicito. Fantacalcio.it probabili 2026/27, agg. 23/08/2026 09:40"
Bologna,Moro,,TITOLARE,"Probabile XI senza ballottaggio esplicito. Fantacalcio.it probabili 2026/27, agg. 23/08/2026 09:40"
Bologna,Ferguson,,TITOLARE,"Probabile XI senza ballottaggio esplicito. Fantacalcio.it probabili 2026/27, agg. 23/08/2026 09:40"
Bologna,Orsolini,,TITOLARE,"Probabile XI senza ballottaggio esplicito. Fantacalcio.it probabili 2026/27, agg. 23/08/2026 09:40"
Bologna,Bernardeschi,,BALLOTTAGGIO,"Probabile XI; ballottaggio con Amondarain / Odgaard. Fantacalcio.it probabili 2026/27, agg. 23/08/2026 09:40"
Bologna,Rowe,,BALLOTTAGGIO,"Probabile XI; ballottaggio con Cambiaghi. Fantacalcio.it probabili 2026/27, agg. 23/08/2026 09:40"
Bologna,Dovbyk,6675,TITOLARE,"SOS Fanta guida attaccanti 2026/27: davanti a Piccoli nella gerarchia iniziale. Fonte utente."
Bologna,Casale,,BALLOTTAGGIO,"Alternativa in ballottaggio con Vitik. Fantacalcio.it probabili 2026/27, agg. 23/08/2026 09:40"
Bologna,Amondarain,,BALLOTTAGGIO,"Alternativa in ballottaggio con Bernardeschi. Fantacalcio.it probabili 2026/27, agg. 23/08/2026 09:40"
Bologna,Cambiaghi,,BALLOTTAGGIO,"Alternativa in ballottaggio con Rowe. Fantacalcio.it probabili 2026/27, agg. 23/08/2026 09:40"
Bologna,Odgaard,,BALLOTTAGGIO,"Alternativa in ballottaggio con Bernardeschi. Fantacalcio.it probabili 2026/27, agg. 23/08/2026 09:40"
Bologna,Piccoli,,BALLOTTAGGIO,"Alternativa in ballottaggio con Dovbyk. Fantacalcio.it probabili 2026/27, agg. 23/08/2026 09:40"
Cagliari,Caprile,,TITOLARE,"Probabile XI senza ballottaggio esplicito. Fantacalcio.it probabili 2026/27, agg. 23/08/2026 09:40"
Cagliari,Ze Pedro,,TITOLARE,"Probabile XI senza ballottaggio esplicito. Fantacalcio.it probabili 2026/27, agg. 23/08/2026 09:40"
Cagliari,Mina,,TITOLARE,"Probabile XI senza ballottaggio esplicito. Fantacalcio.it probabili 2026/27, agg. 23/08/2026 09:40"
Cagliari,Rodriguez,7268,BALLOTTAGGIO,"Probabile XI; ballottaggio con Kofler. Fantacalcio.it probabili 2026/27, agg. 23/08/2026 09:40"
Cagliari,Obert,,TITOLARE,"Probabile XI senza ballottaggio esplicito. Fantacalcio.it probabili 2026/27, agg. 23/08/2026 09:40"
Cagliari,Adopo,,TITOLARE,"Probabile XI senza ballottaggio esplicito. Fantacalcio.it probabili 2026/27, agg. 23/08/2026 09:40"
Cagliari,Winks,,TITOLARE,"Probabile XI senza ballottaggio esplicito. Fantacalcio.it probabili 2026/27, agg. 23/08/2026 09:40"
Cagliari,Romano,,BALLOTTAGGIO,"Probabile XI; ballottaggio con Prati / Fadera. Fantacalcio.it probabili 2026/27, agg. 23/08/2026 09:40"
Cagliari,Fazzini,,TITOLARE,"Probabile XI senza ballottaggio esplicito. Fantacalcio.it probabili 2026/27, agg. 23/08/2026 09:40"
Cagliari,Kevin Carlos,,TITOLARE,"Probabile XI senza ballottaggio esplicito. Fantacalcio.it probabili 2026/27, agg. 23/08/2026 09:40"
Cagliari,Maldini,,BALLOTTAGGIO,"Probabile XI; ballottaggio con Mendy. Fantacalcio.it probabili 2026/27, agg. 23/08/2026 09:40"
Cagliari,Kofler,,BALLOTTAGGIO,"Alternativa in ballottaggio con Rodriguez. Fantacalcio.it probabili 2026/27, agg. 23/08/2026 09:40"
Cagliari,Prati,,BALLOTTAGGIO,"Alternativa in ballottaggio con Romano. Fantacalcio.it probabili 2026/27, agg. 23/08/2026 09:40"
Cagliari,Fadera,,BALLOTTAGGIO,"Alternativa in ballottaggio con Romano. Fantacalcio.it probabili 2026/27, agg. 23/08/2026 09:40"
Cagliari,Mendy,,BALLOTTAGGIO,"Alternativa in ballottaggio con Maldini. Fantacalcio.it probabili 2026/27, agg. 23/08/2026 09:40"
Cagliari,Zappa,,RISERVA,"Panchina G1 (40%): alternativa difensiva. Fantacalcio.it probabili G1, agg. 22/08/2026"
Como,Butez,,TITOLARE,"Probabile XI senza ballottaggio esplicito. Fantacalcio.it probabili 2026/27, agg. 23/08/2026 09:40"
Como,Couto,,BALLOTTAGGIO,"Probabile XI; ballottaggio con Smolcic. Fantacalcio.it probabili 2026/27, agg. 23/08/2026 09:40"
Como,Chalobah,5641,TITOLARE,"SOS Fanta guida difensori 2026/27: punto fermo del Como, titolare atteso. Fonte utente."
Como,Ramon,,TITOLARE,"Probabile XI senza ballottaggio esplicito. Fantacalcio.it probabili 2026/27, agg. 23/08/2026 09:40"
Como,Kaiki,,BALLOTTAGGIO,"Probabile XI; ballottaggio con Valle. Fantacalcio.it probabili 2026/27, agg. 23/08/2026 09:40"
Como,Da Cunha,,TITOLARE,"Probabile XI senza ballottaggio esplicito. Fantacalcio.it probabili 2026/27, agg. 23/08/2026 09:40"
Como,Perrone,,TITOLARE,"Probabile XI senza ballottaggio esplicito. Fantacalcio.it probabili 2026/27, agg. 23/08/2026 09:40"
Como,Diao,,BALLOTTAGGIO,"Probabile XI; ballottaggio con Rodriguez. Fantacalcio.it probabili 2026/27, agg. 23/08/2026 09:40"
Como,Paz,,TITOLARE,"Probabile XI senza ballottaggio esplicito. Fantacalcio.it probabili 2026/27, agg. 23/08/2026 09:40"
Como,Baturina,,BALLOTTAGGIO,"Probabile XI; ballottaggio con Caqueret. Fantacalcio.it probabili 2026/27, agg. 23/08/2026 09:40"
Como,Douvikas,,TITOLARE,"Probabile XI senza ballottaggio esplicito. Fantacalcio.it probabili 2026/27, agg. 23/08/2026 09:40"
Como,Smolcic,,BALLOTTAGGIO,"Alternativa in ballottaggio con Couto. Fantacalcio.it probabili 2026/27, agg. 23/08/2026 09:40"
Como,Kempf,,BALLOTTAGGIO,"Alternativa in ballottaggio con Chalobah. Fantacalcio.it probabili 2026/27, agg. 23/08/2026 09:40"
Como,Valle,,BALLOTTAGGIO,"Alternativa in ballottaggio con Kaiki. Fantacalcio.it probabili 2026/27, agg. 23/08/2026 09:40"
Como,Rodriguez,7129,BALLOTTAGGIO,"Alternativa in ballottaggio con Diao. Fantacalcio.it probabili 2026/27, agg. 23/08/2026 09:40"
Como,Caqueret,,BALLOTTAGGIO,"Alternativa in ballottaggio con Baturina. Fantacalcio.it probabili 2026/27, agg. 23/08/2026 09:40"
Fiorentina,De Gea,,TITOLARE,"Probabile XI senza ballottaggio esplicito. Fantacalcio.it probabili 2026/27, agg. 23/08/2026 09:40"
Fiorentina,Jimenez,,BALLOTTAGGIO,"Probabile XI; ballottaggio con Joao Mario. Fantacalcio.it probabili 2026/27, agg. 23/08/2026 09:40"
Fiorentina,Dragusin,,TITOLARE,"Probabile XI senza ballottaggio esplicito. Fantacalcio.it probabili 2026/27, agg. 23/08/2026 09:40"
Fiorentina,Viery,,BALLOTTAGGIO,"Probabile XI; ballottaggio con Ranieri. Fantacalcio.it probabili 2026/27, agg. 23/08/2026 09:40"
Fiorentina,Valdepenas,,TITOLARE,"Probabile XI senza ballottaggio esplicito. Fantacalcio.it probabili 2026/27, agg. 23/08/2026 09:40"
Fiorentina,Ndour,,BALLOTTAGGIO,"Probabile XI; ballottaggio con Mandragora. Fantacalcio.it probabili 2026/27, agg. 23/08/2026 09:40"
Fiorentina,Oulai,,BALLOTTAGGIO,"Probabile XI; ballottaggio con Fagioli. Fantacalcio.it probabili 2026/27, agg. 23/08/2026 09:40"
Fiorentina,Atta,,TITOLARE,"Probabile XI senza ballottaggio esplicito. Fantacalcio.it probabili 2026/27, agg. 23/08/2026 09:40"
Fiorentina,Mastantuono,,TITOLARE,"Probabile XI senza ballottaggio esplicito. Fantacalcio.it probabili 2026/27, agg. 23/08/2026 09:40"
Fiorentina,Kean,,TITOLARE,"Probabile XI senza ballottaggio esplicito. Fantacalcio.it probabili 2026/27, agg. 23/08/2026 09:40"
Fiorentina,Gudmundsson,,TITOLARE,"Probabile XI senza ballottaggio esplicito. Fantacalcio.it probabili 2026/27, agg. 23/08/2026 09:40"
Fiorentina,Joao Mario,,BALLOTTAGGIO,"Alternativa in ballottaggio con Jimenez. Fantacalcio.it probabili 2026/27, agg. 23/08/2026 09:40"
Fiorentina,Ranieri,,BALLOTTAGGIO,"Alternativa in ballottaggio con Viery. Fantacalcio.it probabili 2026/27, agg. 23/08/2026 09:40"
Fiorentina,Fagioli,,BALLOTTAGGIO,"Alternativa in ballottaggio con Oulai. Fantacalcio.it probabili 2026/27, agg. 23/08/2026 09:40"
Fiorentina,Mandragora,,BALLOTTAGGIO,"Alternativa in ballottaggio con Ndour. Fantacalcio.it probabili 2026/27, agg. 23/08/2026 09:40"
Fiorentina,Pongracic,,RISERVA,"Panchina G1: alternativa difensiva. Fantacalcio.it probabili G1, agg. 22/08/2026"
Frosinone,Palmisani,6415,BALLOTTAGGIO,"SOS Fanta guida portieri 2026/27: leggermente avanti su Desplanches, gerarchia ancora aperta. Fonte utente."
Frosinone,Oyono A.,,TITOLARE,"Probabile XI senza ballottaggio esplicito. Fantacalcio.it probabili 2026/27, agg. 23/08/2026 09:40"
Frosinone,Monterisi,,TITOLARE,"Probabile XI senza ballottaggio esplicito. Fantacalcio.it probabili 2026/27, agg. 23/08/2026 09:40"
Frosinone,Calvani,,BALLOTTAGGIO,"Probabile XI; ballottaggio con Akpoguma. Fantacalcio.it probabili 2026/27, agg. 23/08/2026 09:40"
Frosinone,Bracaglia,,BALLOTTAGGIO,"Probabile XI; ballottaggio con Terzic. Fantacalcio.it probabili 2026/27, agg. 23/08/2026 09:40"
Frosinone,Grillitsch,,TITOLARE,"Probabile XI senza ballottaggio esplicito. Fantacalcio.it probabili 2026/27, agg. 23/08/2026 09:40"
Frosinone,Calò,,TITOLARE,"Probabile XI senza ballottaggio esplicito. Fantacalcio.it probabili 2026/27, agg. 23/08/2026 09:40"
Frosinone,Cichella,,BALLOTTAGGIO,"Probabile XI; ballottaggio con Zerbin. Fantacalcio.it probabili 2026/27, agg. 23/08/2026 09:40"
Frosinone,Ghedjemis,,TITOLARE,"Probabile XI senza ballottaggio esplicito. Fantacalcio.it probabili 2026/27, agg. 23/08/2026 09:40"
Frosinone,Raimondo,,TITOLARE,"Probabile XI senza ballottaggio esplicito. Fantacalcio.it probabili 2026/27, agg. 23/08/2026 09:40"
Frosinone,Schmid,,TITOLARE,"Probabile XI senza ballottaggio esplicito. Fantacalcio.it probabili 2026/27, agg. 23/08/2026 09:40"
Frosinone,Akpoguma,,BALLOTTAGGIO,"Alternativa in ballottaggio con Calvani. Fantacalcio.it probabili 2026/27, agg. 23/08/2026 09:40"
Frosinone,Terzic,,BALLOTTAGGIO,"Alternativa in ballottaggio con Bracaglia. Fantacalcio.it probabili 2026/27, agg. 23/08/2026 09:40"
Frosinone,Zerbin,,BALLOTTAGGIO,"Alternativa in ballottaggio con Cichella. Fantacalcio.it probabili 2026/27, agg. 23/08/2026 09:40"
Frosinone,Kvernadze,,BALLOTTAGGIO,"Nella XI indicata per G1; non nella XI pre-campionato. Fantacalcio.it probabili G1, agg. 22/08/2026"
Frosinone,Masini,,RISERVA,"Panchina G1 (55%): alternativa di centrocampo. Fantacalcio.it probabili G1, agg. 22/08/2026"
Genoa,Bijlow,,TITOLARE,"Probabile XI senza ballottaggio esplicito. Fantacalcio.it probabili 2026/27, agg. 23/08/2026 09:40"
Genoa,Marcandalli,,TITOLARE,"Probabile XI senza ballottaggio esplicito. Fantacalcio.it probabili 2026/27, agg. 23/08/2026 09:40"
Genoa,Ostigard,,TITOLARE,"Probabile XI senza ballottaggio esplicito. Fantacalcio.it probabili 2026/27, agg. 23/08/2026 09:40"
Genoa,Vasquez,,TITOLARE,"Probabile XI senza ballottaggio esplicito. Fantacalcio.it probabili 2026/27, agg. 23/08/2026 09:40"
Genoa,Norton-Cuffy,,TITOLARE,"Probabile XI senza ballottaggio esplicito. Fantacalcio.it probabili 2026/27, agg. 23/08/2026 09:40"
Genoa,Frendrup,,TITOLARE,"Probabile XI senza ballottaggio esplicito. Fantacalcio.it probabili 2026/27, agg. 23/08/2026 09:40"
Genoa,Sow,,BALLOTTAGGIO,"Probabile XI; ballottaggio con Amorim. Fantacalcio.it probabili 2026/27, agg. 23/08/2026 09:40"
Genoa,Ellertsson,,BALLOTTAGGIO,"Probabile XI; ballottaggio con Mitaj. Fantacalcio.it probabili 2026/27, agg. 23/08/2026 09:40"
Genoa,Baldanzi,,BALLOTTAGGIO,"Probabile XI; ballottaggio con Traoré. Fantacalcio.it probabili 2026/27, agg. 23/08/2026 09:40"
Genoa,Vitinha,,BALLOTTAGGIO,"Probabile XI; ballottaggio con Meichtry. Fantacalcio.it probabili 2026/27, agg. 23/08/2026 09:40"
Genoa,Colombo,,TITOLARE,"Probabile XI senza ballottaggio esplicito. Fantacalcio.it probabili 2026/27, agg. 23/08/2026 09:40"
Genoa,Mitaj,7537,TITOLARE,"SOS Fanta guida difensori 2026/27: titolare atteso a sinistra. Fonte utente."
Genoa,Amorim,,BALLOTTAGGIO,"Alternativa in ballottaggio con Sow. Fantacalcio.it probabili 2026/27, agg. 23/08/2026 09:40"
Genoa,Traoré,2857,BALLOTTAGGIO,"Alternativa in ballottaggio con Baldanzi. Fantacalcio.it probabili 2026/27, agg. 23/08/2026 09:40"
Genoa,Meichtry,,BALLOTTAGGIO,"Alternativa in ballottaggio con Vitinha. Fantacalcio.it probabili 2026/27, agg. 23/08/2026 09:40"
Genoa,Martin,,RISERVA,"Panchina G1 (50%): alternativa sulla fascia. Fantacalcio.it probabili G1, agg. 22/08/2026"
Inter,Josep Martinez,5116,TITOLARE,"SOS Fanta guida portieri 2026/27: titolare designato, Provedel copertura consigliata. Fonte utente."
Inter,Akanji,,TITOLARE,"Probabile XI senza ballottaggio esplicito. Fantacalcio.it probabili 2026/27, agg. 23/08/2026 09:40"
Inter,Stones,,BALLOTTAGGIO,"Probabile XI; ballottaggio con Bisseck. Fantacalcio.it probabili 2026/27, agg. 23/08/2026 09:40"
Inter,Bastoni,,TITOLARE,"Probabile XI senza ballottaggio esplicito. Fantacalcio.it probabili 2026/27, agg. 23/08/2026 09:40"
Inter,Spence,5982,TITOLARE,"SOS Fanta guida difensori 2026/27: titolare previsto sulla fascia destra. Fonte utente."
Inter,Barella,,TITOLARE,"Probabile XI senza ballottaggio esplicito. Fantacalcio.it probabili 2026/27, agg. 23/08/2026 09:40"
Inter,Calhanoglu,,TITOLARE,"Probabile XI senza ballottaggio esplicito. Fantacalcio.it probabili 2026/27, agg. 23/08/2026 09:40"
Inter,Jones,5172,TITOLARE,"SOS Fanta guida centrocampisti 2026/27: progetto da titolare accanto a Barella e Calhanoglu, con rotazioni. Fonte utente."
Inter,Dimarco,,TITOLARE,"Probabile XI senza ballottaggio esplicito. Fantacalcio.it probabili 2026/27, agg. 23/08/2026 09:40"
Inter,Thuram,4871,TITOLARE,"SOS Fanta guida attaccanti 2026/27: attaccante titolare, Pio Esposito terza punta. Fonte utente."
Inter,Lautaro Martinez,,TITOLARE,"Probabile XI senza ballottaggio esplicito. Fantacalcio.it probabili 2026/27, agg. 23/08/2026 09:40"
Inter,Bisseck,,BALLOTTAGGIO,"Alternativa in ballottaggio con Stones. Fantacalcio.it probabili 2026/27, agg. 23/08/2026 09:40"
Inter,Diouf,,BALLOTTAGGIO,"Alternativa in ballottaggio con Spence. Fantacalcio.it probabili 2026/27, agg. 23/08/2026 09:40"
Inter,Zielinski,,BALLOTTAGGIO,"Alternativa in ballottaggio con Jones. Fantacalcio.it probabili 2026/27, agg. 23/08/2026 09:40"
Inter,Pio Esposito,,BALLOTTAGGIO,"Alternativa in ballottaggio con Thuram. Fantacalcio.it probabili 2026/27, agg. 23/08/2026 09:40"
Inter,Sucic,,RISERVA,"Panchina G1 (60%): prima alternativa di centrocampo. Fantacalcio.it probabili G1, agg. 22/08/2026"
Juventus,Vicario,4964,TITOLARE,"SOS Fanta guida portieri 2026/27: nuovo titolare, Perin vice affidabile. Fonte utente."
Juventus,Kalulu,4976,TITOLARE,"SOS Fanta guida difensori 2026/27: titolare e jolly difensivo di Spalletti. Fonte utente."
Juventus,Bremer,,TITOLARE,"Probabile XI senza ballottaggio esplicito. Fantacalcio.it probabili 2026/27, agg. 23/08/2026 09:40"
Juventus,Lucumì,,BALLOTTAGGIO,"Probabile XI; ballottaggio con Kelly. Fantacalcio.it probabili 2026/27, agg. 23/08/2026 09:40"
Juventus,Cambiaso,,TITOLARE,"Probabile XI senza ballottaggio esplicito. Fantacalcio.it probabili 2026/27, agg. 23/08/2026 09:40"
Juventus,Locatelli,,TITOLARE,"Probabile XI senza ballottaggio esplicito. Fantacalcio.it probabili 2026/27, agg. 23/08/2026 09:40"
Juventus,McKennie,,BALLOTTAGGIO,"Probabile XI; ballottaggio con Thuram. Fantacalcio.it probabili 2026/27, agg. 23/08/2026 09:40"
Juventus,Conceicao,,TITOLARE,"Probabile XI senza ballottaggio esplicito. Fantacalcio.it probabili 2026/27, agg. 23/08/2026 09:40"
Juventus,Alajbegovic,,BALLOTTAGGIO,"Probabile XI; ballottaggio con Thuram. Fantacalcio.it probabili 2026/27, agg. 23/08/2026 09:40"
Juventus,Yildiz,,TITOLARE,"Probabile XI senza ballottaggio esplicito. Fantacalcio.it probabili 2026/27, agg. 23/08/2026 09:40"
Juventus,Kolo Muani,,TITOLARE,"Probabile XI senza ballottaggio esplicito. Fantacalcio.it probabili 2026/27, agg. 23/08/2026 09:40"
Juventus,Kelly,,BALLOTTAGGIO,"Alternativa in ballottaggio con Lucumì. Fantacalcio.it probabili 2026/27, agg. 23/08/2026 09:40"
Juventus,Celik,4657,RISERVA,"SOS Fanta guida difensori 2026/27: alternativa di Kalulu, utile nelle rotazioni. Fonte utente."
Juventus,Thuram,,BALLOTTAGGIO,"Alternativa in ballottaggio con McKennie / Alajbegovic. Fantacalcio.it probabili 2026/27, agg. 23/08/2026 09:40"
Juventus,Koopmeiners,,RISERVA,"Panchina G1 (40%): alternativa di centrocampo. Fantacalcio.it probabili G1, agg. 22/08/2026"
Juventus,David,,RISERVA,"Panchina G1 (55%): alternativa offensiva. Fantacalcio.it probabili G1, agg. 22/08/2026"
Lazio,Mandas,6482,BALLOTTAGGIO,"SOS Fanta guida portieri 2026/27: parte avanti a Motta ma divario ridotto; consigliata coppia. Fonte utente."
Lazio,Marusic,,TITOLARE,"Probabile XI senza ballottaggio esplicito. Fantacalcio.it probabili 2026/27, agg. 23/08/2026 09:40"
Lazio,Doekhi,,TITOLARE,"Probabile XI senza ballottaggio esplicito. Fantacalcio.it probabili 2026/27, agg. 23/08/2026 09:40"
Lazio,Romagnoli,,TITOLARE,"Probabile XI senza ballottaggio esplicito. Fantacalcio.it probabili 2026/27, agg. 23/08/2026 09:40"
Lazio,Pedraza,,BALLOTTAGGIO,"Probabile XI; ballottaggio con Tavares. Fantacalcio.it probabili 2026/27, agg. 23/08/2026 09:40"
Lazio,Taylor,,TITOLARE,"Probabile XI senza ballottaggio esplicito. Fantacalcio.it probabili 2026/27, agg. 23/08/2026 09:40"
Lazio,Rovella,,TITOLARE,"Probabile XI senza ballottaggio esplicito. Fantacalcio.it probabili 2026/27, agg. 23/08/2026 09:40"
Lazio,Frattesi,,TITOLARE,"Probabile XI senza ballottaggio esplicito. Fantacalcio.it probabili 2026/27, agg. 23/08/2026 09:40"
Lazio,Cancellieri,,BALLOTTAGGIO,"Probabile XI; ballottaggio con Isaksen. Fantacalcio.it probabili 2026/27, agg. 23/08/2026 09:40"
Lazio,Dia,,BALLOTTAGGIO,"Probabile XI; ballottaggio con Ratkov. Fantacalcio.it probabili 2026/27, agg. 23/08/2026 09:40"
Lazio,Zaccagni,,TITOLARE,"Probabile XI senza ballottaggio esplicito. Fantacalcio.it probabili 2026/27, agg. 23/08/2026 09:40"
Lazio,Tavares,,BALLOTTAGGIO,"Alternativa in ballottaggio con Pedraza. Fantacalcio.it probabili 2026/27, agg. 23/08/2026 09:40"
Lazio,Isaksen,6398,RISERVA,"SOS Fanta guida centrocampisti 2026/27: operato a luglio, rientro atteso tra inizio campionato e settembre. Fonte utente."
Lazio,Ratkov,,BALLOTTAGGIO,"Alternativa in ballottaggio con Dia. Fantacalcio.it probabili 2026/27, agg. 23/08/2026 09:40"
Lazio,Dele-Bashiru,,RISERVA,"Panchina G1 (60%): alternativa di centrocampo. Fantacalcio.it probabili G1, agg. 22/08/2026"
Lazio,Noslin,,RISERVA,"Panchina G1 (60%): alternativa offensiva. Fantacalcio.it probabili G1, agg. 22/08/2026"
Lecce,Falcone,,TITOLARE,"Probabile XI senza ballottaggio esplicito. Fantacalcio.it probabili 2026/27, agg. 23/08/2026 09:40"
Lecce,Danilo Veiga,,TITOLARE,"Probabile XI senza ballottaggio esplicito. Fantacalcio.it probabili 2026/27, agg. 23/08/2026 09:40"
Lecce,Gaspar,,BALLOTTAGGIO,"Probabile XI; ballottaggio con Siebert. Fantacalcio.it probabili 2026/27, agg. 23/08/2026 09:40"
Lecce,Tiago Gabriel,,TITOLARE,"Probabile XI senza ballottaggio esplicito. Fantacalcio.it probabili 2026/27, agg. 23/08/2026 09:40"
Lecce,Gallo,,TITOLARE,"Probabile XI senza ballottaggio esplicito. Fantacalcio.it probabili 2026/27, agg. 23/08/2026 09:40"
Lecce,Coulibaly,,TITOLARE,"Probabile XI senza ballottaggio esplicito. Fantacalcio.it probabili 2026/27, agg. 23/08/2026 09:40"
Lecce,Ngom,,BALLOTTAGGIO,"Probabile XI; ballottaggio con Gorter. Fantacalcio.it probabili 2026/27, agg. 23/08/2026 09:40"
Lecce,Berisha,,BALLOTTAGGIO,"Probabile XI; ballottaggio con Gandelman. Fantacalcio.it probabili 2026/27, agg. 23/08/2026 09:40"
Lecce,Pierotti,,TITOLARE,"Probabile XI senza ballottaggio esplicito. Fantacalcio.it probabili 2026/27, agg. 23/08/2026 09:40"
Lecce,Geubbels,,BALLOTTAGGIO,"Probabile XI; ballottaggio con Stulic. Fantacalcio.it probabili 2026/27, agg. 23/08/2026 09:40"
Lecce,N'Dri,,TITOLARE,"Probabile XI senza ballottaggio esplicito. Fantacalcio.it probabili 2026/27, agg. 23/08/2026 09:40"
Lecce,Siebert,,BALLOTTAGGIO,"Alternativa in ballottaggio con Gaspar. Fantacalcio.it probabili 2026/27, agg. 23/08/2026 09:40"
Lecce,Gorter,,BALLOTTAGGIO,"Alternativa in ballottaggio con Ngom. Fantacalcio.it probabili 2026/27, agg. 23/08/2026 09:40"
Lecce,Gandelman,,BALLOTTAGGIO,"Alternativa in ballottaggio con Berisha. Fantacalcio.it probabili 2026/27, agg. 23/08/2026 09:40"
Lecce,Stulic,,BALLOTTAGGIO,"Alternativa in ballottaggio con Geubbels. Fantacalcio.it probabili 2026/27, agg. 23/08/2026 09:40"
Lecce,Maleh,,BALLOTTAGGIO,"Nella XI indicata per G1; alternativa reale in mediana. Fantacalcio.it probabili G1, agg. 22/08/2026"
Milan,Maignan,,TITOLARE,"Probabile XI senza ballottaggio esplicito. Fantacalcio.it probabili 2026/27, agg. 23/08/2026 09:40"
Milan,Gila,,TITOLARE,"Probabile XI senza ballottaggio esplicito. Fantacalcio.it probabili 2026/27, agg. 23/08/2026 09:40"
Milan,Gabbia,,TITOLARE,"Probabile XI senza ballottaggio esplicito. Fantacalcio.it probabili 2026/27, agg. 23/08/2026 09:40"
Milan,Pavlovic,,TITOLARE,"Probabile XI senza ballottaggio esplicito. Fantacalcio.it probabili 2026/27, agg. 23/08/2026 09:40"
Milan,Saelemaekers,,BALLOTTAGGIO,"Probabile XI; ballottaggio con Chukwueze. Fantacalcio.it probabili 2026/27, agg. 23/08/2026 09:40"
Milan,Modric,,TITOLARE,"Probabile XI senza ballottaggio esplicito. Fantacalcio.it probabili 2026/27, agg. 23/08/2026 09:40"
Milan,Rabiot,,TITOLARE,"Probabile XI senza ballottaggio esplicito. Fantacalcio.it probabili 2026/27, agg. 23/08/2026 09:40"
Milan,Moreira,,TITOLARE,"Probabile XI senza ballottaggio esplicito. Fantacalcio.it probabili 2026/27, agg. 23/08/2026 09:40"
Milan,Pulisic,2423,RISERVA,"SOS Fanta guida centrocampisti 2026/27: edema osseo e microfrattura, rischio avvio dalla panchina; titolare al recupero. Fonte utente."
Milan,Leao,,TITOLARE,"Probabile XI senza ballottaggio esplicito. Fantacalcio.it probabili 2026/27, agg. 23/08/2026 09:40"
Milan,Goncalo Ramos,,TITOLARE,"Probabile XI senza ballottaggio esplicito. Fantacalcio.it probabili 2026/27, agg. 23/08/2026 09:40"
Milan,Chukwueze,,BALLOTTAGGIO,"Alternativa in ballottaggio con Saelemaekers. Fantacalcio.it probabili 2026/27, agg. 23/08/2026 09:40"
Milan,Jashari,,RISERVA,"Panchina/G1: alternativa di centrocampo. Fantacalcio.it probabili G1, agg. 22/08/2026"
Milan,Ricci,,RISERVA,"Panchina G1: alternativa di centrocampo. Fantacalcio.it probabili G1, agg. 22/08/2026"
Milan,Loftus-Cheek,,RISERVA,"Nella XI indicata per G1; alternativa tra mediana e trequarti. Fantacalcio.it probabili G1, agg. 22/08/2026"
Milan,De Winter,,RISERVA,"Nella XI indicata per G1; alternativa difensiva. Fantacalcio.it probabili G1, agg. 22/08/2026"
Monza,Thiam,,TITOLARE,"Probabile XI senza ballottaggio esplicito. Fantacalcio.it probabili 2026/27, agg. 23/08/2026 09:40"
Monza,Kouadio,,TITOLARE,"Probabile XI senza ballottaggio esplicito. Fantacalcio.it probabili 2026/27, agg. 23/08/2026 09:40"
Monza,Delli Carri,,BALLOTTAGGIO,"Probabile XI; ballottaggio con Lucchesi. Fantacalcio.it probabili 2026/27, agg. 23/08/2026 09:40"
Monza,Carboni,,TITOLARE,"Probabile XI senza ballottaggio esplicito. Fantacalcio.it probabili 2026/27, agg. 23/08/2026 09:40"
Monza,Birindelli,,TITOLARE,"Probabile XI senza ballottaggio esplicito. Fantacalcio.it probabili 2026/27, agg. 23/08/2026 09:40"
Monza,Tourè,,TITOLARE,"Probabile XI senza ballottaggio esplicito. Fantacalcio.it probabili 2026/27, agg. 23/08/2026 09:40"
Monza,Akinsanmiro,,TITOLARE,"Probabile XI senza ballottaggio esplicito. Fantacalcio.it probabili 2026/27, agg. 23/08/2026 09:40"
Monza,Mangas,,TITOLARE,"Probabile XI senza ballottaggio esplicito. Fantacalcio.it probabili 2026/27, agg. 23/08/2026 09:40"
Monza,Colpani,,BALLOTTAGGIO,"Probabile XI; ballottaggio con Forson. Fantacalcio.it probabili 2026/27, agg. 23/08/2026 09:40"
Monza,Mota,,BALLOTTAGGIO,"Probabile XI; ballottaggio con Varela. Fantacalcio.it probabili 2026/27, agg. 23/08/2026 09:40"
Monza,Cutrone,,TITOLARE,"Probabile XI senza ballottaggio esplicito. Fantacalcio.it probabili 2026/27, agg. 23/08/2026 09:40"
Monza,Lucchesi,,BALLOTTAGGIO,"Alternativa in ballottaggio con Delli Carri. Fantacalcio.it probabili 2026/27, agg. 23/08/2026 09:40"
Monza,Forson,,BALLOTTAGGIO,"Alternativa in ballottaggio con Colpani. Fantacalcio.it probabili 2026/27, agg. 23/08/2026 09:40"
Monza,Varela,,BALLOTTAGGIO,"Alternativa in ballottaggio con Mota. Fantacalcio.it probabili 2026/27, agg. 23/08/2026 09:40"
Monza,Robinson,,RISERVA,"Panchina G1 (55%): alternativa offensiva. Fantacalcio.it probabili G1, agg. 22/08/2026"
Monza,Pessina,2741,RISERVA,"SOS Fanta guida centrocampisti 2026/27: grave infortunio al ginocchio, tempi di rientro incerti. Fonte utente."
Napoli,Meret,572,BALLOTTAGGIO,"SOS Fanta guida portieri 2026/27: leggermente avanti su Milinkovic-Savic, situazione apertissima. Fonte utente."
Napoli,Di Lorenzo,,TITOLARE,"Probabile XI senza ballottaggio esplicito. Fantacalcio.it probabili 2026/27, agg. 23/08/2026 09:40"
Napoli,Rrahmani,,TITOLARE,"Probabile XI senza ballottaggio esplicito. Fantacalcio.it probabili 2026/27, agg. 23/08/2026 09:40"
Napoli,Beukema,,BALLOTTAGGIO,"Probabile XI; ballottaggio con Buongiorno. Fantacalcio.it probabili 2026/27, agg. 23/08/2026 09:40"
Napoli,Spinazzola,1852,TITOLARE,"SOS Fanta guida difensori 2026/27: davanti a Olivera nella gerarchia iniziale. Fonte utente."
Napoli,De Bruyne,,BALLOTTAGGIO,"Probabile XI; ballottaggio con Anguissa / Vergara. Fantacalcio.it probabili 2026/27, agg. 23/08/2026 09:40"
Napoli,Lobotka,,TITOLARE,"Probabile XI senza ballottaggio esplicito. Fantacalcio.it probabili 2026/27, agg. 23/08/2026 09:40"
Napoli,McTominay,,TITOLARE,"Probabile XI senza ballottaggio esplicito. Fantacalcio.it probabili 2026/27, agg. 23/08/2026 09:40"
Napoli,Politano,,BALLOTTAGGIO,"Probabile XI; ballottaggio con Neres. Fantacalcio.it probabili 2026/27, agg. 23/08/2026 09:40"
Napoli,Hojlund,,TITOLARE,"Probabile XI senza ballottaggio esplicito. Fantacalcio.it probabili 2026/27, agg. 23/08/2026 09:40"
Napoli,Alisson Santos,,TITOLARE,"Probabile XI senza ballottaggio esplicito. Fantacalcio.it probabili 2026/27, agg. 23/08/2026 09:40"
Napoli,Buongiorno,2724,RISERVA,"SOS Fanta guida difensori 2026/27: post menisco, rientro atteso dopo la sosta di novembre. Fonte utente."
Napoli,Olivera,,BALLOTTAGGIO,"Alternativa in ballottaggio con Spinazzola. Fantacalcio.it probabili 2026/27, agg. 23/08/2026 09:40"
Napoli,Anguissa,4220,BALLOTTAGGIO,"Alternativa in ballottaggio con De Bruyne. Fantacalcio.it probabili 2026/27, agg. 23/08/2026 09:40"
Napoli,Vergara,,BALLOTTAGGIO,"Alternativa in ballottaggio con De Bruyne. Fantacalcio.it probabili 2026/27, agg. 23/08/2026 09:40"
Napoli,Neres,,BALLOTTAGGIO,"Alternativa in ballottaggio con Politano. Fantacalcio.it probabili 2026/27, agg. 23/08/2026 09:40"
Parma,Daffara,7411,BALLOTTAGGIO,"SOS Fanta guida portieri 2026/27: Corvi avanti, Daffara alternativa da monitorare. Fonte utente."
Parma,Delprato,,TITOLARE,"Probabile XI senza ballottaggio esplicito. Fantacalcio.it probabili 2026/27, agg. 23/08/2026 09:40"
Parma,Troilo,,TITOLARE,"Probabile XI senza ballottaggio esplicito. Fantacalcio.it probabili 2026/27, agg. 23/08/2026 09:40"
Parma,Valenti,,TITOLARE,"Probabile XI senza ballottaggio esplicito. Fantacalcio.it probabili 2026/27, agg. 23/08/2026 09:40"
Parma,Valeri,,TITOLARE,"Probabile XI senza ballottaggio esplicito. Fantacalcio.it probabili 2026/27, agg. 23/08/2026 09:40"
Parma,Keita,,TITOLARE,"Probabile XI senza ballottaggio esplicito. Fantacalcio.it probabili 2026/27, agg. 23/08/2026 09:40"
Parma,Nicolussi Caviglia,,BALLOTTAGGIO,"Probabile XI; ballottaggio con Sorensen. Fantacalcio.it probabili 2026/27, agg. 23/08/2026 09:40"
Parma,Bernabé,,TITOLARE,"Probabile XI senza ballottaggio esplicito. Fantacalcio.it probabili 2026/27, agg. 23/08/2026 09:40"
Parma,Frigan,,BALLOTTAGGIO,"Probabile XI; ballottaggio con Diallo. Fantacalcio.it probabili 2026/27, agg. 23/08/2026 09:40"
Parma,Romero,,BALLOTTAGGIO,"Probabile XI; ballottaggio con Elphege. Fantacalcio.it probabili 2026/27, agg. 23/08/2026 09:40"
Parma,Tourè,,TITOLARE,"Probabile XI senza ballottaggio esplicito. Fantacalcio.it probabili 2026/27, agg. 23/08/2026 09:40"
Parma,Corvi,6662,TITOLARE,"SOS Fanta guida portieri 2026/27: in pole su Daffara dopo il precampionato. Fonte utente."
Parma,Sorensen,,BALLOTTAGGIO,"Alternativa in ballottaggio con Nicolussi Caviglia. Fantacalcio.it probabili 2026/27, agg. 23/08/2026 09:40"
Parma,Diallo,,BALLOTTAGGIO,"Alternativa in ballottaggio con Frigan. Fantacalcio.it probabili 2026/27, agg. 23/08/2026 09:40"
Parma,Elphege,,BALLOTTAGGIO,"Alternativa in ballottaggio con Romero. Fantacalcio.it probabili 2026/27, agg. 23/08/2026 09:40"
Parma,Ndiaye,,BALLOTTAGGIO,"Nella XI indicata per G1; alternativa reale tra difesa e fascia. Fantacalcio.it probabili G1, agg. 22/08/2026"
Roma,Svilar,,TITOLARE,"Probabile XI senza ballottaggio esplicito. Fantacalcio.it probabili 2026/27, agg. 23/08/2026 09:40"
Roma,Mancini,,TITOLARE,"Probabile XI senza ballottaggio esplicito. Fantacalcio.it probabili 2026/27, agg. 23/08/2026 09:40"
Roma,N'Dicka,,TITOLARE,"Probabile XI senza ballottaggio esplicito. Fantacalcio.it probabili 2026/27, agg. 23/08/2026 09:40"
Roma,Hermoso,,BALLOTTAGGIO,"Probabile XI; ballottaggio con Koulierakis. Fantacalcio.it probabili 2026/27, agg. 23/08/2026 09:40"
Roma,Molina,,TITOLARE,"Probabile XI senza ballottaggio esplicito. Fantacalcio.it probabili 2026/27, agg. 23/08/2026 09:40"
Roma,Koné,,TITOLARE,"Probabile XI senza ballottaggio esplicito. Fantacalcio.it probabili 2026/27, agg. 23/08/2026 09:40"
Roma,Cristante,,TITOLARE,"Probabile XI senza ballottaggio esplicito. Fantacalcio.it probabili 2026/27, agg. 23/08/2026 09:40"
Roma,Wesley,,TITOLARE,"Probabile XI senza ballottaggio esplicito. Fantacalcio.it probabili 2026/27, agg. 23/08/2026 09:40"
Roma,Dybala,,BALLOTTAGGIO,"Probabile XI; ballottaggio con Castro. Fantacalcio.it probabili 2026/27, agg. 23/08/2026 09:40"
Roma,Mora,,BALLOTTAGGIO,"Probabile XI; ballottaggio con Pellegrini. Fantacalcio.it probabili 2026/27, agg. 23/08/2026 09:40"
Roma,Malen,,TITOLARE,"Probabile XI senza ballottaggio esplicito. Fantacalcio.it probabili 2026/27, agg. 23/08/2026 09:40"
Roma,Koulierakis,,BALLOTTAGGIO,"Alternativa in ballottaggio con Hermoso. Fantacalcio.it probabili 2026/27, agg. 23/08/2026 09:40"
Roma,Pellegrini,530,BALLOTTAGGIO,"Alternativa in ballottaggio con Mora. Fantacalcio.it probabili 2026/27, agg. 23/08/2026 09:40"
Roma,Castro,,BALLOTTAGGIO,"Alternativa in ballottaggio con Dybala. Fantacalcio.it probabili 2026/27, agg. 23/08/2026 09:40"
Roma,Pisilli,,RISERVA,"Panchina G1 (55%): alternativa di centrocampo/trequarti. Fantacalcio.it probabili G1, agg. 22/08/2026"
Roma,Rensch,,RISERVA,"Panchina G1 (60%): alternativa difensiva/fascia. Fantacalcio.it probabili G1, agg. 22/08/2026"
Sassuolo,Muric,4236,BALLOTTAGGIO,"SOS Fanta guida portieri 2026/27: leggermente avanti su Turati, gerarchia da definire. Fonte utente."
Sassuolo,Walukiewicz,,TITOLARE,"Probabile XI senza ballottaggio esplicito. Fantacalcio.it probabili 2026/27, agg. 23/08/2026 09:40"
Sassuolo,Idzes,,TITOLARE,"Probabile XI senza ballottaggio esplicito. Fantacalcio.it probabili 2026/27, agg. 23/08/2026 09:40"
Sassuolo,Leysen,,BALLOTTAGGIO,"Probabile XI; ballottaggio con Candè. Fantacalcio.it probabili 2026/27, agg. 23/08/2026 09:40"
Sassuolo,Obrador,,BALLOTTAGGIO,"Probabile XI; ballottaggio con Doig. Fantacalcio.it probabili 2026/27, agg. 23/08/2026 09:40"
Sassuolo,Bakola,,BALLOTTAGGIO,"Probabile XI; ballottaggio con Thorstvedt. Fantacalcio.it probabili 2026/27, agg. 23/08/2026 09:40"
Sassuolo,Matic,,TITOLARE,"Probabile XI senza ballottaggio esplicito. Fantacalcio.it probabili 2026/27, agg. 23/08/2026 09:40"
Sassuolo,Adzic,,BALLOTTAGGIO,"Probabile XI; ballottaggio con Lipani. Fantacalcio.it probabili 2026/27, agg. 23/08/2026 09:40"
Sassuolo,Berardi,,TITOLARE,"Probabile XI senza ballottaggio esplicito. Fantacalcio.it probabili 2026/27, agg. 23/08/2026 09:40"
Sassuolo,Bowie,,BALLOTTAGGIO,"Probabile XI; ballottaggio con Pinamonti. Fantacalcio.it probabili 2026/27, agg. 23/08/2026 09:40"
Sassuolo,Laurientè,,TITOLARE,"Probabile XI senza ballottaggio esplicito. Fantacalcio.it probabili 2026/27, agg. 23/08/2026 09:40"
Sassuolo,Candè,,BALLOTTAGGIO,"Alternativa in ballottaggio con Leysen. Fantacalcio.it probabili 2026/27, agg. 23/08/2026 09:40"
Sassuolo,Doig,,BALLOTTAGGIO,"Alternativa in ballottaggio con Obrador. Fantacalcio.it probabili 2026/27, agg. 23/08/2026 09:40"
Sassuolo,Thorstvedt,,BALLOTTAGGIO,"Alternativa in ballottaggio con Bakola. Fantacalcio.it probabili 2026/27, agg. 23/08/2026 09:40"
Sassuolo,Lipani,,BALLOTTAGGIO,"Alternativa in ballottaggio con Adzic. Fantacalcio.it probabili 2026/27, agg. 23/08/2026 09:40"
Sassuolo,Pinamonti,,BALLOTTAGGIO,"Alternativa in ballottaggio con Bowie. Fantacalcio.it probabili 2026/27, agg. 23/08/2026 09:40"
Torino,Mascardi,,TITOLARE,"Probabile XI senza ballottaggio esplicito. Fantacalcio.it probabili 2026/27, agg. 23/08/2026 09:40"
Torino,Comuzzo,,TITOLARE,"Probabile XI senza ballottaggio esplicito. Fantacalcio.it probabili 2026/27, agg. 23/08/2026 09:40"
Torino,Coco,,BALLOTTAGGIO,"Probabile XI; ballottaggio con Ismajli. Fantacalcio.it probabili 2026/27, agg. 23/08/2026 09:40"
Torino,Comert,,TITOLARE,"Probabile XI senza ballottaggio esplicito. Fantacalcio.it probabili 2026/27, agg. 23/08/2026 09:40"
Torino,Pedersen,,BALLOTTAGGIO,"Probabile XI; ballottaggio con Fortini. Fantacalcio.it probabili 2026/27, agg. 23/08/2026 09:40"
Torino,Gineitis,,TITOLARE,"Probabile XI senza ballottaggio esplicito. Fantacalcio.it probabili 2026/27, agg. 23/08/2026 09:40"
Torino,Fitz-Jim,,TITOLARE,"Probabile XI senza ballottaggio esplicito. Fantacalcio.it probabili 2026/27, agg. 23/08/2026 09:40"
Torino,Cacciamani,,TITOLARE,"Probabile XI senza ballottaggio esplicito. Fantacalcio.it probabili 2026/27, agg. 23/08/2026 09:40"
Torino,Casadei,,BALLOTTAGGIO,"Probabile XI; ballottaggio con Oristanio. Fantacalcio.it probabili 2026/27, agg. 23/08/2026 09:40"
Torino,Vlasic,,TITOLARE,"Probabile XI senza ballottaggio esplicito. Fantacalcio.it probabili 2026/27, agg. 23/08/2026 09:40"
Torino,Simeone,,TITOLARE,"Probabile XI senza ballottaggio esplicito. Fantacalcio.it probabili 2026/27, agg. 23/08/2026 09:40"
Torino,Ismajli,,BALLOTTAGGIO,"Alternativa in ballottaggio con Coco. Fantacalcio.it probabili 2026/27, agg. 23/08/2026 09:40"
Torino,Fortini,,BALLOTTAGGIO,"Alternativa in ballottaggio con Pedersen. Fantacalcio.it probabili 2026/27, agg. 23/08/2026 09:40"
Torino,Oristanio,,BALLOTTAGGIO,"Alternativa in ballottaggio con Casadei. Fantacalcio.it probabili 2026/27, agg. 23/08/2026 09:40"
Torino,Aboukhlal,,RISERVA,"Panchina G1 (55%): alternativa offensiva. Fantacalcio.it probabili G1, agg. 22/08/2026"
Torino,Adams,,RISERVA,"Panchina G1 (60%): alternativa offensiva. Fantacalcio.it probabili G1, agg. 22/08/2026"
Udinese,Okoye,,TITOLARE,"Probabile XI senza ballottaggio esplicito. Fantacalcio.it probabili 2026/27, agg. 23/08/2026 09:40"
Udinese,Bertola,,BALLOTTAGGIO,"Probabile XI; ballottaggio con Palma. Fantacalcio.it probabili 2026/27, agg. 23/08/2026 09:40"
Udinese,Kabasele,,TITOLARE,"Probabile XI senza ballottaggio esplicito. Fantacalcio.it probabili 2026/27, agg. 23/08/2026 09:40"
Udinese,Solet,,TITOLARE,"Probabile XI senza ballottaggio esplicito. Fantacalcio.it probabili 2026/27, agg. 23/08/2026 09:40"
Udinese,Vojvoda,,TITOLARE,"Probabile XI senza ballottaggio esplicito. Fantacalcio.it probabili 2026/27, agg. 23/08/2026 09:40"
Udinese,Piotrowski,,BALLOTTAGGIO,"Probabile XI; ballottaggio con Miller. Fantacalcio.it probabili 2026/27, agg. 23/08/2026 09:40"
Udinese,Karlstrom,,TITOLARE,"Probabile XI senza ballottaggio esplicito. Fantacalcio.it probabili 2026/27, agg. 23/08/2026 09:40"
Udinese,Kamara,,TITOLARE,"Probabile XI senza ballottaggio esplicito. Fantacalcio.it probabili 2026/27, agg. 23/08/2026 09:40"
Udinese,Zaniolo,,TITOLARE,"Probabile XI senza ballottaggio esplicito. Fantacalcio.it probabili 2026/27, agg. 23/08/2026 09:40"
Udinese,Ekkelenkamp,,BALLOTTAGGIO,"Probabile XI; ballottaggio con Unai Gomez. Fantacalcio.it probabili 2026/27, agg. 23/08/2026 09:40"
Udinese,Davis,,TITOLARE,"Probabile XI senza ballottaggio esplicito. Fantacalcio.it probabili 2026/27, agg. 23/08/2026 09:40"
Udinese,Palma,,BALLOTTAGGIO,"Alternativa in ballottaggio con Bertola. Fantacalcio.it probabili 2026/27, agg. 23/08/2026 09:40"
Udinese,Unai Gomez,,BALLOTTAGGIO,"Alternativa in ballottaggio con Ekkelenkamp. Fantacalcio.it probabili 2026/27, agg. 23/08/2026 09:40"
Udinese,Miller,,BALLOTTAGGIO,"Alternativa in ballottaggio con Piotrowski. Fantacalcio.it probabili 2026/27, agg. 23/08/2026 09:40"
Udinese,Arizala,,RISERVA,"Panchina G1 (55%): alternativa di fascia. Fantacalcio.it probabili G1, agg. 22/08/2026"
Udinese,Bayo,,RISERVA,"Panchina G1 (60%): alternativa offensiva. Fantacalcio.it probabili G1, agg. 22/08/2026"
Venezia,Stankovic,6248,TITOLARE,"SOS Fanta guida portieri 2026/27: titolare indiscusso della neopromossa. Fonte utente."
Como,Addai,7127,RISERVA,"SOS Fanta guida centrocampisti 2026/27: recupero da rottura del tendine d'Achille, prudenza. Fonte utente."
Milan,Ramos G.,6397,TITOLARE,"SOS Fanta guida attaccanti 2026/27: nuovo centravanti titolare del Milan. Fonte utente."
Inter,Provedel,2814,RISERVA,"SOS Fanta guida portieri 2026/27: vice di Josep Martinez; copertura Inter raccomandata. Fonte utente."
Juventus,Perin,218,RISERVA,"SOS Fanta guida portieri 2026/27: vice affidabile di Vicario, da abbinare al titolare. Fonte utente."
Lazio,Motta,7337,BALLOTTAGGIO,"SOS Fanta guida portieri 2026/27: vicino a Mandas nella gerarchia; consigliata coppia. Fonte utente."
Napoli,Milinkovic-Savic V.,2170,BALLOTTAGGIO,"SOS Fanta guida portieri 2026/27: di poco dietro Meret, situazione apertissima. Fonte utente."
Sassuolo,Turati,4867,BALLOTTAGGIO,"SOS Fanta guida portieri 2026/27: leggermente dietro Muric, gerarchia da definire. Fonte utente."
Frosinone,Desplanches,7463,BALLOTTAGGIO,"SOS Fanta guida portieri 2026/27: dietro Palmisani ma gerarchia aperta. Fonte utente."
Venezia,Schingtienne,,TITOLARE,"Probabile XI senza ballottaggio esplicito. Fantacalcio.it probabili 2026/27, agg. 23/08/2026 09:40"
Venezia,Bella-Kotchap,,TITOLARE,"Probabile XI senza ballottaggio esplicito. Fantacalcio.it probabili 2026/27, agg. 23/08/2026 09:40"
Venezia,Halhal,,BALLOTTAGGIO,"Probabile XI; ballottaggio con Moreno. Fantacalcio.it probabili 2026/27, agg. 23/08/2026 09:40"
Venezia,Hainaut,,TITOLARE,"Probabile XI senza ballottaggio esplicito. Fantacalcio.it probabili 2026/27, agg. 23/08/2026 09:40"
Venezia,Kike Perez,,BALLOTTAGGIO,"Probabile XI; ballottaggio con Sohm. Fantacalcio.it probabili 2026/27, agg. 23/08/2026 09:40"
Venezia,Busio,,TITOLARE,"Probabile XI senza ballottaggio esplicito. Fantacalcio.it probabili 2026/27, agg. 23/08/2026 09:40"
Venezia,Basic,,TITOLARE,"Probabile XI senza ballottaggio esplicito. Fantacalcio.it probabili 2026/27, agg. 23/08/2026 09:40"
Venezia,Haps,,BALLOTTAGGIO,"Probabile XI; ballottaggio con Correia. Fantacalcio.it probabili 2026/27, agg. 23/08/2026 09:40"
Venezia,Yeboah,,TITOLARE,"Probabile XI senza ballottaggio esplicito. Fantacalcio.it probabili 2026/27, agg. 23/08/2026 09:40"
Venezia,Akor Adams,,BALLOTTAGGIO,"Probabile XI; ballottaggio con Rrahmani. Fantacalcio.it probabili 2026/27, agg. 23/08/2026 09:40"
Venezia,Moreno,,BALLOTTAGGIO,"Alternativa in ballottaggio con Halhal. Fantacalcio.it probabili 2026/27, agg. 23/08/2026 09:40"
Venezia,Correia,,BALLOTTAGGIO,"Alternativa in ballottaggio con Haps. Fantacalcio.it probabili 2026/27, agg. 23/08/2026 09:40"
Venezia,Sohm,,BALLOTTAGGIO,"Alternativa in ballottaggio con Kike Perez. Fantacalcio.it probabili 2026/27, agg. 23/08/2026 09:40"
Venezia,Rrahmani,7449,BALLOTTAGGIO,"Alternativa in ballottaggio con Akor Adams. Fantacalcio.it probabili 2026/27, agg. 23/08/2026 09:40"
Venezia,Helgason,,RISERVA,"Panchina G1 (55%): alternativa di centrocampo. Fantacalcio.it probabili G1, agg. 22/08/2026"
